ชื่องาน,กลุ่ม,ประเภท,สถานะ,ผู้รับผิดชอบ,วันที่,บริษัท,หมวด GL,งบ,หมวด GL รอง,งบรอง,ใช้จริง,เวลา,สถานที่,ผู้เข้าร่วม,เตรียมล่วงหน้า(วัน),สิ่งที่ต้องเตรียม,ป้ายกำกับ,สี,ผู้เข้าอบรม,ชั่วโมง,วิทยากร/สถาบัน,กรมพัฒฯ,การเกิดซ้ำ,รายละเอียด
Manager + Supervisor Meeting,งานประจำเดือน,ประชุม,รอดำเนินการ,HROD,2026-01-16,,,,,,,,,,3,,Plan Monthly HR,,,,,,,จากแผน Plan Monthly HR 2025 (เดิม 16/01/2025)
"จ่ายโบนัสพนักงาน LKL , LKS , LKT , LKD , TRC , WTL , GEC (ผลประกอบการปี 2567)",งานประจำเดือน,ค่าตอบแทน,รอดำเนินการ,HRMS,2026-02-01,,,,,,,,,,,,Plan Monthly HR,,,,,,,จากแผน Plan Monthly HR 2025 (เดิม 01/02/2025)
Manager + Supervisor Meeting,งานประจำเดือน,ประชุม,รอดำเนินการ,HROD,2026-03-13,,,,,,,,,,3,,Plan Monthly HR,,,,,,,จากแผน Plan Monthly HR 2025 (เดิม 13/03/2025)
S Group Meeting,งานประจำเดือน,ประชุม,รอดำเนินการ,HROD,2026-01-17,,,,,,,,,,3,,Plan Monthly HR,,,,,,,จากแผน Plan Monthly HR 2025 (เดิม 17/01/2025)
Manager + Supervisor Meeting,งานประจำเดือน,ประชุม,รอดำเนินการ,HROD,2026-02-13,,,,,,,,,,3,,Plan Monthly HR,,,,,,,จากแผน Plan Monthly HR 2025 (เดิม 13/02/2025)
S Group Meeting,งานประจำเดือน,ประชุม,รอดำเนินการ,HROD,2026-03-21,,,,,,,,,,3,,Plan Monthly HR,,,,,,,จากแผน Plan Monthly HR 2025 (เดิม 21/03/2025)
Executive Board Meeting 1/2568,งานประจำเดือน,ประชุม,รอดำเนินการ,HROD,2026-01-22,,,,,,,,,,3,,Plan Monthly HR,,,,,,,จากแผน Plan Monthly HR 2025 (เดิม 22/01/2025)
ยื่น สท.2 กรมพัฒนาฝีมือแรงงาน,งานประจำเดือน,เอกสารราชการ,รอดำเนินการ,HROD,2026-02-14,,,,,,,,,,,,Plan Monthly HR,,,,,,,จากแผน Plan Monthly HR 2025 (เดิม 14/02/2025)
ประเมิน Competency 1/2567 (Tryout System Traget Group HR),งานประจำเดือน,ประเมินผล,รอดำเนินการ,HROD,2026-03-20,,,,,,,,,,,,Plan Monthly HR,,,,,,,จากแผน Plan Monthly HR 2025 (เดิม 20-21/03/2025)
คำนวณผลประโยชน์พนักงานประจำปี 2024 / ประเมินค่าจ้าง 5 วัน,งานประจำเดือน,ประเมินผล,รอดำเนินการ,HRMS,2026-01-09,,,,,,,,,,,,Plan Monthly HR,,,,,,,จากแผน Plan Monthly HR 2025 (เดิม 09/01/2025)
อบรมหลักการทำงานของ LeKise Group,อบรมภายใน,อบรม,รอดำเนินการ,HROD,2026-02-18,,,,,,,,,,,,Plan Monthly HR,,,,,,,จากแผน Plan Monthly HR 2025 (เดิม 18/02/2025)
"จ่ายโบนัสพนักงาน PRP , PRG (ผลประกอบการปี 2567)",งานประจำเดือน,ค่าตอบแทน,รอดำเนินการ,HRMS,2026-03-01,,,,,,,,,,,,Plan Monthly HR,,,,,,,"จากแผน Plan Monthly HR 2025 (เดิม 1/3/2025 , 16/3/2025)"
พนักงานรับเอกสาร 50 ทวิ (เงินได้ของปีภาษี 2567),งานประจำเดือน,ค่าตอบแทน,รอดำเนินการ,HRMS,2026-01-21,,,,,,,,,,,,Plan Monthly HR,,,,,,,จากแผน Plan Monthly HR 2025 (เดิม 21-24/01/2025)
IRR เช่าสถานที่ ห้อง LeKise Family อบรมการปฏิบัติงานบนที่สูง,อบรมภายใน,อบรม,รอดำเนินการ,HROD - HRBP,2026-02-19,,,,,,,,,,,,Plan Monthly HR,,,,,,,จากแผน Plan Monthly HR 2025 (เดิม 19/02/2025)
กท.25 ค (ชำระเงินกองทุนทดแทนเพิ่มเติม),งานประจำเดือน,ค่าตอบแทน,รอดำเนินการ,HRMS,2026-03-31,,,,,,,,,,,,Plan Monthly HR,,,,,,,จากแผน Plan Monthly HR 2025 (เดิม 31/03/2025)
นำส่ง กท.26 ก.,งานประจำเดือน,อื่นๆ,รอดำเนินการ,HRMS,2026-01-31,,,,,,,,,,,,Plan Monthly HR,,,,,,,จากแผน Plan Monthly HR 2025 (เดิม 31/01/2025)
Meeting HR SBP & LSC,งานประจำเดือน,ประชุม,รอดำเนินการ,HR Team,2026-02-20,,,,,,,,,,3,,Plan Monthly HR,,,,,,,จากแผน Plan Monthly HR 2025 (เดิม 20/02/2025)
ยื่น ภ.ง.ด.90 ผู้บริหาร (เงินได้ปี 2567),งานประจำเดือน,เอกสารราชการ,รอดำเนินการ,HRMS,2026-03-31,,,,,,,,,,,,Plan Monthly HR,,,,,,,จากแผน Plan Monthly HR 2025 (เดิม 31/03/2025)
นำส่งข้อมูล คร.11,งานประจำเดือน,อื่นๆ,รอดำเนินการ,HRMS,2026-01-31,,,,,,,,,,,,Plan Monthly HR,,,,,,,จากแผน Plan Monthly HR 2025 (เดิม 31/01/2025)
Meeting HR & บริหารโรงงานการผลิต,งานประจำเดือน,ประชุม,รอดำเนินการ,HR Team,2026-02-20,,,,,,,,,,3,,Plan Monthly HR,,,,,,,จากแผน Plan Monthly HR 2025 (เดิม 20/02/2025)
ยื่น ภ.ง.ด.90 นายจ้างยื่นแทนลูกจ้าง (เงินได้ปี 2567),งานประจำเดือน,เอกสารราชการ,รอดำเนินการ,HRMS,2026-03-31,,,,,,,,,,,,Plan Monthly HR,,,,,,,จากแผน Plan Monthly HR 2025 (เดิม 31/03/2025)
Meeting HR SBP & LSC,งานประจำเดือน,ประชุม,รอดำเนินการ,HR Team,2026-01-23,,,,,,,,,,3,,Plan Monthly HR,,,,,,,จากแผน Plan Monthly HR 2025 (เดิม 23/01/2025)
S Group Meeting,งานประจำเดือน,ประชุม,รอดำเนินการ,HROD,2026-02-21,,,,,,,,,,3,,Plan Monthly HR,,,,,,,จากแผน Plan Monthly HR 2025 (เดิม 21/02/2025)
สวัสดิการน้ำฤดูร้อน,งานประจำเดือน,อื่นๆ,รอดำเนินการ,HRMS,,,,,,,,,,,,,Plan Monthly HR,,,,,,,จากแผน Plan Monthly HR 2025 (เดิม -)
Meeting HR & บริหารโรงงานการผลิต,งานประจำเดือน,ประชุม,รอดำเนินการ,HR Team,2026-01-09,,,,,,,,,,3,,Plan Monthly HR,,,,,,,จากแผน Plan Monthly HR 2025 (เดิม 09/01/2025)
ตรวจโปรแกรมไขมัน (ครั้งที่ 2),งานประจำเดือน,เอกสารราชการ,รอดำเนินการ,HRMS,2026-02-20,,,,,,,,,,,,Plan Monthly HR,,,,,,,จากแผน Plan Monthly HR 2025 (เดิม 20/02/2025)
Meeting HR SBP & LSC,งานประจำเดือน,ประชุม,รอดำเนินการ,HR Team,2026-03-27,,,,,,,,,,3,,Plan Monthly HR,,,,,,,จากแผน Plan Monthly HR 2025 (เดิม 27/03/2025)
LeKise Health Care Club (คลินิกเบาหวาน / ความดัน),งานประจำเดือน,อื่นๆ,รอดำเนินการ,HRMS - HROD - HRBP,2026-02-21,,,,,,,,,,,,Plan Monthly HR,,,,,,,จากแผน Plan Monthly HR 2025 (เดิม 21/02/2025)
อบรมการปฐมพยาบาลเบื้องต้น (First Aid),อบรมภายใน,อบรม,รอดำเนินการ,HROD,2026-03-24,,,,,,,,,,,,Plan Monthly HR,,,,,,,จากแผน Plan Monthly HR 2025 (เดิม 24/03/2025)
งานบวงสรวงศาลพระพรหม,งานประจำเดือน,อื่นๆ,รอดำเนินการ,HRBP,2026-02-25,,,,,,,,,,,,Plan Monthly HR,,,,,,,จากแผน Plan Monthly HR 2025 (เดิม 25/02/2025)
Meeting HR & บริหารโรงงานการผลิต,งานประจำเดือน,ประชุม,รอดำเนินการ,HR Team,2026-03-06,,,,,,,,,,3,,Plan Monthly HR,,,,,,,จากแผน Plan Monthly HR 2025 (เดิม 06/03/2025)
งานทำบุญบริษัทฯ ประจำปี,กิจกรรมประจำปี,กิจกรรม,รอดำเนินการ,HRBP,2026-02-26,,,,,,,,,,,,Plan Monthly HR,,,,,,,จากแผน Plan Monthly HR 2025 (เดิม 26/02/2025)
นำส่งข้อมูล ภ.ง.ด. 1ก. และ กท.20,งานประจำเดือน,อื่นๆ,รอดำเนินการ,HRMS,2026-02-28,,,,,,,,,,,,Plan Monthly HR,,,,,,,จากแผน Plan Monthly HR 2025 (เดิม 28/02/2025)
"รายงานคนพิการ (ม.33 , ม.35)",งานประจำเดือน,อื่นๆ,รอดำเนินการ,HRMS,2026-02-28,,,,,,,,,,,,Plan Monthly HR,,,,,,,จากแผน Plan Monthly HR 2025 (เดิม 28/02/2025)
เอกสารต่ออายุพนักงาน เมียนม่า,งานประจำเดือน,อื่นๆ,รอดำเนินการ,,,,,,,,,,,,,,Plan Monthly HR,,,,,,,จากแผน Plan Monthly HR 2025
Manager + Supervisor Meeting,งานประจำเดือน,ประชุม,รอดำเนินการ,HROD,2026-04-10,,,,,,,,,,3,,Plan Monthly HR,,,,,,,จากแผน Plan Monthly HR 2025 (เดิม 10/04/2025)
Manager + Supervisor Meeting,งานประจำเดือน,ประชุม,รอดำเนินการ,HROD,2026-05-15,,,,,,,,,,3,,Plan Monthly HR,,,,,,,จากแผน Plan Monthly HR 2025 (เดิม 15/05/2025)
Manager + Supervisor Meeting,งานประจำเดือน,ประชุม,รอดำเนินการ,HROD,2026-06-12,,,,,,,,,,3,,Plan Monthly HR,,,,,,,จากแผน Plan Monthly HR 2025 (เดิม 12/06/2025)
S Group Meeting,งานประจำเดือน,ประชุม,รอดำเนินการ,HROD,2026-04-25,,,,,,,,,,3,,Plan Monthly HR,,,,,,,จากแผน Plan Monthly HR 2025 (เดิม 25/04/2025)
S Group Meeting,งานประจำเดือน,ประชุม,รอดำเนินการ,HROD,2026-05-22,,,,,,,,,,3,,Plan Monthly HR,,,,,,,จากแผน Plan Monthly HR 2025 (เดิม 22/05/2025)
S Group Meeting,งานประจำเดือน,ประชุม,รอดำเนินการ,HROD,2026-06-20,,,,,,,,,,3,,Plan Monthly HR,,,,,,,จากแผน Plan Monthly HR 2025 (เดิม 20/06/2025)
จ่ายโบนัสพนักงาน Paper Group (ผลประกอบการปี 2567)/เงินรางวัลอายุงาน,งานประจำเดือน,ค่าตอบแทน,รอดำเนินการ,HRMS,2026-04-10,,,,,,,,,,,,Plan Monthly HR,,,,,,,จากแผน Plan Monthly HR 2025 (เดิม 10/4/2025)
LeKise Family Day : ทุนการศึกษา,งานประจำเดือน,อื่นๆ,รอดำเนินการ,HR Team,2026-05-28,,,,,,,,,,,,Plan Monthly HR,,,,,,,จากแผน Plan Monthly HR 2025 (เดิม 28/05/2025)
สรุปปรับเลื่อนระดับพนักงาน ประจำปี (LKL LKS LKT LKD TRC),งานประจำเดือน,อื่นๆ,รอดำเนินการ,HROD,2026-06-25,,,,,,,,,,,,Plan Monthly HR,,,,,,,จากแผน Plan Monthly HR 2025 (เดิม 25/06/2025)
สรุปรายชื่อพนักงานเกษียณอายุงาน 2025,งานประจำเดือน,อื่นๆ,รอดำเนินการ,HRMS,2026-05-30,,,,,,,,,,,,Plan Monthly HR,,,,,,,จากแผน Plan Monthly HR 2025 (เดิม 30/5/2025)
เกษียณอายุงานประจำปี 2025,งานประจำเดือน,อื่นๆ,รอดำเนินการ,HRMS,2026-06-20,,,,,,,,,,,,Plan Monthly HR,,,,,,,จากแผน Plan Monthly HR 2025 (เดิม 20/6/2025)
Meeting HR SBP & LSC,งานประจำเดือน,ประชุม,รอดำเนินการ,HR Team,2026-04-24,,,,,,,,,,3,,Plan Monthly HR,,,,,,,จากแผน Plan Monthly HR 2025 (เดิม 24/04/2025)
สรุปปรับฐานค่าจ้างตามผลการทำงานประจำปี 2025 (LKG),งานประจำเดือน,ค่าตอบแทน,รอดำเนินการ,HRMS,2026-06-20,,,,,,,,,,,,Plan Monthly HR,,,,,,,จากแผน Plan Monthly HR 2025 (เดิม 20/6/2025)
อบรมดับเพลิงขั้นต้น และการฝึกซ้อมอพยพหนีไฟ (Basic Fire Fighting),อบรมภายใน,อบรม,รอดำเนินการ,HROD,2026-04-03,,,,,,,,,,,,Plan Monthly HR,,,,,,,จากแผน Plan Monthly HR 2025 (เดิม 03/04/2025)
Meeting HR SBP & LSC,งานประจำเดือน,ประชุม,รอดำเนินการ,HR Team,2026-05-22,,,,,,,,,,3,,Plan Monthly HR,,,,,,,จากแผน Plan Monthly HR 2025 (เดิม 22/05/2025)
Meeting HR SBP & LSC,งานประจำเดือน,ประชุม,รอดำเนินการ,HR Team,2026-06-26,,,,,,,,,,3,,Plan Monthly HR,,,,,,,จากแผน Plan Monthly HR 2025 (เดิม 26/06/2025)
Meeting HR & บริหารโรงงานการผลิต,งานประจำเดือน,ประชุม,รอดำเนินการ,HR Team,2026-04-03,,,,,,,,,,3,,Plan Monthly HR,,,,,,,จากแผน Plan Monthly HR 2025 (เดิม 03/04/2025)
Meeting HR & บริหารโรงงานการผลิต,งานประจำเดือน,ประชุม,รอดำเนินการ,HR Team,2026-05-08,,,,,,,,,,3,,Plan Monthly HR,,,,,,,จากแผน Plan Monthly HR 2025 (เดิม 08/05/2025)
อบรมการอนุรักษ์พลังงานระบบปรับอากาศ,อบรมภายใน,อบรม,รอดำเนินการ,HROD,,,,,,,,,,,,,Plan Monthly HR,,,,,,,จากแผน Plan Monthly HR 2025 (เดิม \-)
Meeting HR & บริหารโรงงานการผลิต,งานประจำเดือน,ประชุม,รอดำเนินการ,HR Team,2026-06-05,,,,,,,,,,3,,Plan Monthly HR,,,,,,,จากแผน Plan Monthly HR 2025 (เดิม 05/06/2025)
อบรมการขับขี่รถโฟล์คลิฟท์อย่างถูกต้องและปลอดภัย (Forklift),อบรมภายใน,อบรม,รอดำเนินการ,Safety - HROD,,,,,,,,,,,,,Plan Monthly HR,,,,,,,จากแผน Plan Monthly HR 2025 (เดิม \-)
อบรมความปลอดภัยในการทํางานกับสารเคมีอันตราย และการระงับเหตุฉุกเฉินกรณีสารเคมีรั่วไหล,อบรมภายใน,อบรม,รอดำเนินการ,Safety - HROD,,,,0.00,,,,,,,,,Plan Monthly HR,,,,,,,จากแผน Plan Monthly HR 2025 (เดิม \-)
อบรมเครน 4 ผู้ ผู้บังคับ ผู้ให้สัญญาณ ผู้ยึดเกาะ และผู้ควบคุมการใช้รถปั้นจั่น (Crane) ชนิดเคลื่อนที่,อบรมภายใน,อบรม,รอดำเนินการ,Safety - HROD,,,,0.00,,,,,,,,,Plan Monthly HR,,,,,,,จากแผน Plan Monthly HR 2025 (เดิม \-)
อบรมปั้นจั่น 4 ผู้ ผู้บังคับ ผู้ให้สัญญาณ ผู้ยึดเกาะ และผู้ควบคุมปั้นจั่นเหนือศรีษะ (Overhead Crane) ชนิดอยู่กับที่,อบรมภายใน,อบรม,รอดำเนินการ,HROD,,,,,,,,,,,,,Plan Monthly HR,,,,,,,จากแผน Plan Monthly HR 2025 (เดิม \-)
Manager + Supervisor Meeting,งานประจำเดือน,ประชุม,รอดำเนินการ,HROD,2026-07-17,,,,,,,,,,3,,Plan Monthly HR,,,,,,,จากแผน Plan Monthly HR 2025 (เดิม 17/07/2025)
Manager + Supervisor Meeting,งานประจำเดือน,ประชุม,รอดำเนินการ,HROD,2026-08-14,,,,,,,,,,3,,Plan Monthly HR,,,,,,,จากแผน Plan Monthly HR 2025 (เดิม 14/08/2025)
Manager + Supervisor Meeting,งานประจำเดือน,ประชุม,รอดำเนินการ,HROD,2026-09-11,,,,,,,,,,3,,Plan Monthly HR,,,,,,,จากแผน Plan Monthly HR 2025 (เดิม 11/09/2025)
S Group Meeting,งานประจำเดือน,ประชุม,รอดำเนินการ,HROD,2026-07-18,,,,,,,,,,3,,Plan Monthly HR,,,,,,,จากแผน Plan Monthly HR 2025 (เดิม 18/07/2025)
S Group Meeting,งานประจำเดือน,ประชุม,รอดำเนินการ,HROD,2026-08-22,,,,,,,,,,3,,Plan Monthly HR,,,,,,,จากแผน Plan Monthly HR 2025 (เดิม 22/08/2025)
S Group Meeting,งานประจำเดือน,ประชุม,รอดำเนินการ,HROD,2026-09-17,,,,,,,,,,3,,Plan Monthly HR,,,,,,,จากแผน Plan Monthly HR 2025 (เดิม 17/09/2025)
Executive Board Meeting 2/2568,งานประจำเดือน,ประชุม,รอดำเนินการ,HROD,2026-07-16,,,,,,,,,,3,,Plan Monthly HR,,,,,,,จากแผน Plan Monthly HR 2025 (เดิม 16/07/2025)
ตรวจสุขภาพประจำปี 2025,งานประจำเดือน,อื่นๆ,รอดำเนินการ,HRMS,2026-08-21,,,,,,,,,,,,Plan Monthly HR,,,,,,,จากแผน Plan Monthly HR 2025 (เดิม 21-22/8/2025)
ปรับฐานค่าจ้างตามผลการทำงาน ประจำปี 2025 PRP,งานประจำเดือน,ค่าตอบแทน,รอดำเนินการ,HRMS,2026-09-01,,,,,,,,,,,,Plan Monthly HR,,,,,,,จากแผน Plan Monthly HR 2025 (เดิม 01/09/2025)
"ปรับฐานค่าจ้างตามผลการทำงาน ประจำปี 2025 (Lighting BU,Paper BU,SBP Bu,WTL,PPP)",งานประจำเดือน,ค่าตอบแทน,รอดำเนินการ,HRMS,2026-07-01,,,,,,,,,,,,Plan Monthly HR,,,,,,,จากแผน Plan Monthly HR 2025 (เดิม 1/7/2025)
ปรับฐานค่าจ้างตามผลการทำงาน ประจำปี 2025 SAN (ปี68 ไม่มีนโยบายปรับเพิ่มค่าจ้าง อ้างอิงตามผลประกอบการ),งานประจำเดือน,ค่าตอบแทน,รอดำเนินการ,HRMS,2026-08-01,,,,,,,,,,,,Plan Monthly HR,,,,,,,จากแผน Plan Monthly HR 2025 (เดิม 01/08/2025)
ต่ออายุประกันอุบัติเหตุกลุ่ม,งานประจำเดือน,อื่นๆ,รอดำเนินการ,HRMS,2026-09-16,,,,,,,,,,,,Plan Monthly HR,,,,,,,จากแผน Plan Monthly HR 2025 (เดิม 16/9/2025)
สรุปสถิติการมาทำงานประจำปี 2025 (ครั้งทีี่ 1),งานประจำเดือน,อื่นๆ,รอดำเนินการ,HRMS,2026-07-18,,,,,,,,,,,,Plan Monthly HR,,,,,,,จากแผน Plan Monthly HR 2025 (เดิม 18/7/2025)
ปรับฐานค่าจ้างตามผลการทำงาน ประจำปี 2025 PRG (ปี68 ไม่มีนโยบายปรับเพิ่มค่าจ้าง อ้างอิงตามผลประกอบการ),งานประจำเดือน,ค่าตอบแทน,รอดำเนินการ,HRMS,2026-08-16,,,,,,,,,,,,Plan Monthly HR,,,,,,,จากแผน Plan Monthly HR 2025 (เดิม 16/08/2025)
วาง Budget ค่าจ้างค่าตอบแทนประจำปี 2026 (LKG),งานประจำเดือน,ค่าตอบแทน,รอดำเนินการ,HRMS,2026-09-30,,,,,,,,,,,,Plan Monthly HR,,,,,,,จากแผน Plan Monthly HR 2025 (เดิม 30/9/2025)
คำนวณผลประโยชน์พนักงานประจำปี 2025 (ครึ่งปีแรก),งานประจำเดือน,อื่นๆ,รอดำเนินการ,HRMS,2026-07-07,,,,,,,,,,,,Plan Monthly HR,,,,,,,จากแผน Plan Monthly HR 2025 (เดิม 7/7/2025)
Meeting HR SBP & LSC,งานประจำเดือน,ประชุม,รอดำเนินการ,HR Team,2026-08-22,,,,,,,,,,3,,Plan Monthly HR,,,,,,,จากแผน Plan Monthly HR 2025 (เดิม 22/08/2025)
Meeting HR SBP & LSC,งานประจำเดือน,ประชุม,รอดำเนินการ,HR Team,2026-09-25,,,,,,,,,,3,,Plan Monthly HR,,,,,,,จากแผน Plan Monthly HR 2025 (เดิม 25/09/2025)
Meeting HR SBP & LSC,งานประจำเดือน,ประชุม,รอดำเนินการ,HR Team,2026-07-24,,,,,,,,,,3,,Plan Monthly HR,,,,,,,จากแผน Plan Monthly HR 2025 (เดิม 24/07/2025)
อบรมความปลอดภัยในการทำงานเกี่ยวกับไฟฟ้า,อบรมภายใน,อบรม,รอดำเนินการ,HROD,,,,,,,,,,,,,Plan Monthly HR,,,,,,,จากแผน Plan Monthly HR 2025 (เดิม \-)
อบรมเจ้าหน้าที่ความปลอดภัยในการทำงาน ระดับ บริหาร,อบรมภายใน,อบรม,รอดำเนินการ,HROD,,,,,,,,,,,,,Plan Monthly HR,,,,,,,จากแผน Plan Monthly HR 2025 (เดิม \-)
อบรมการเสริมสร้างความพร้อม... ก้าวสู่บทบาทใหม่,อบรมภายใน,อบรม,รอดำเนินการ,HROD,,,,,,,,,,,,,Plan Monthly HR,,,,,,,จากแผน Plan Monthly HR 2025 (เดิม \-)
Meeting HR & บริหารโรงงานการผลิต,งานประจำเดือน,ประชุม,รอดำเนินการ,HR Team,2026-08-07,,,,,,,,,,3,,Plan Monthly HR,,,,,,,จากแผน Plan Monthly HR 2025 (เดิม 07/08/2025)
อบรมเจ้าหน้าที่ความปลอดภัยในการทำงาน ระดับ หัวหน้างาน,อบรมภายใน,อบรม,รอดำเนินการ,HROD,,,,,,,,,,,,,Plan Monthly HR,,,,,,,จากแผน Plan Monthly HR 2025 (เดิม \-)
อบรมคณะกรรมการความปลอดภัยในการทำงาน (คปอ.),อบรมภายใน,อบรม,รอดำเนินการ,HROD,,,,,,,,,,,,,Plan Monthly HR,,,,,,,จากแผน Plan Monthly HR 2025 (เดิม \-)
อบรม Team Building : เติบโตไปสู่เป้าหมายเดียวกัน (Growth to Goal),อบรมภายใน,อบรม,รอดำเนินการ,HROD,,,,,,,,,,,,,Plan Monthly HR,,,,,,,จากแผน Plan Monthly HR 2025 (เดิม \-)
อบรมพัฒนาความรู้เกี่ยวกับความปลอดภัยในการทำงานสำหรับ จป.วิชาชีพ,อบรมภายใน,อบรม,รอดำเนินการ,HROD,,,,,,,,,,,,,Plan Monthly HR,,,,,,,จากแผน Plan Monthly HR 2025 (เดิม \-)
Meeting HR & บริหารโรงงานการผลิต,งานประจำเดือน,ประชุม,รอดำเนินการ,HR Team,2026-07-03,,,,,,,,,,3,,Plan Monthly HR,,,,,,,จากแผน Plan Monthly HR 2025 (เดิม 03/07/2025)
Meeting HR & บริหารโรงงานการผลิต,งานประจำเดือน,ประชุม,รอดำเนินการ,HR Team,2026-09-11,,,,,,,,,,3,,Plan Monthly HR,,,,,,,จากแผน Plan Monthly HR 2025 (เดิม 11/09/2025)
สรุปปรับฐานค่าจ้างตามผลการทำงานประจำปี 2025,งานประจำเดือน,ค่าตอบแทน,รอดำเนินการ,HRMS,,,,,,,,,,,,,Plan Monthly HR,,,,,,,จากแผน Plan Monthly HR 2025 (เดิม \-)
Manager + Supervisor Meeting,งานประจำเดือน,ประชุม,รอดำเนินการ,HROD,2026-10-16,,,,,,,,,,3,,Plan Monthly HR,,,,,,,จากแผน Plan Monthly HR 2025 (เดิม 16/10/2025)
Manager + Supervisor Meeting,งานประจำเดือน,ประชุม,รอดำเนินการ,HROD,2026-11-13,,,,,,,,,,3,,Plan Monthly HR,,,,,,,จากแผน Plan Monthly HR 2025 (เดิม 13/11/2025)
Manager + Supervisor Meeting,งานประจำเดือน,ประชุม,รอดำเนินการ,HROD,2026-12-11,,,,,,,,,,3,,Plan Monthly HR,,,,,,,จากแผน Plan Monthly HR 2025 (เดิม 11/12/2025)
ต่ออายุเว็บไซต์หางาน JobThai,งานประจำเดือน,อื่นๆ,รอดำเนินการ,HROD,2026-10-01,,,,,,,,,,,,Plan Monthly HR,,,,,,,จากแผน Plan Monthly HR 2025 (เดิม 1/10/2025)
S Group Meeting,งานประจำเดือน,ประชุม,รอดำเนินการ,HROD,2026-11-21,,,,,,,,,,3,,Plan Monthly HR,,,,,,,จากแผน Plan Monthly HR 2025 (เดิม 21/11/2025)
S Group Meeting,งานประจำเดือน,ประชุม,รอดำเนินการ,HROD,2026-12-12,,,,,,,,,,3,,Plan Monthly HR,,,,,,,จากแผน Plan Monthly HR 2025 (เดิม 12/12/2025)
S Group Meeting,งานประจำเดือน,ประชุม,รอดำเนินการ,HROD,2026-10-17,,,,,,,,,,3,,Plan Monthly HR,,,,,,,จากแผน Plan Monthly HR 2025 (เดิม 17/10/2025)
ทบทวนสวัสดิการ/เบี้ยเลี้ยง ประจำปี,งานประจำเดือน,อื่นๆ,รอดำเนินการ,HRMS,2026-11-03,,,,,,,,,,,,Plan Monthly HR,,,,,,,จากแผน Plan Monthly HR 2025 (เดิม 3/11/2025)
กิจกรรมกีฬาประเพณี,กิจกรรมประจำปี,กิจกรรม,รอดำเนินการ,HR Team,2026-12-19,,,,,,,,,,,,Plan Monthly HR,,,,,,,จากแผน Plan Monthly HR 2025 (เดิม 19/12/2025)
กำหนดปฏิทินวันหยุดประจำปี 2026,งานประจำเดือน,อื่นๆ,รอดำเนินการ,HRMS,2026-10-01,,,,,,,,,,,,Plan Monthly HR,,,,,,,จากแผน Plan Monthly HR 2025 (เดิม 1/10/2025)
ยื่นขอใช้สิทธิ์คนพิการ ม.35 (ปี 2569 ไม่ยื่นใช้สิทธิ์ ม.35 เนื่องจากจำนวนคนพิการ ม.33 เพียงพอ),งานประจำเดือน,เอกสารราชการ,รอดำเนินการ,HRMS,2026-11-10,,,,,,,,,,,,Plan Monthly HR,,,,,,,จากแผน Plan Monthly HR 2025 (เดิม 10/11/2025)
สรุปสถิติการมาทำงานประจำปี 2025 (ครั้งทีี่ 2),งานประจำเดือน,อื่นๆ,รอดำเนินการ,HRMS,2026-12-19,,,,,,,,,,,,Plan Monthly HR,,,,,,,จากแผน Plan Monthly HR 2025 (เดิม 19/12/2025)
วาง Budget ค่าจ้างค่าตอบแทนประจำปี 2026 (Paper Group),งานประจำเดือน,ค่าตอบแทน,รอดำเนินการ,HRMS,2026-10-31,,,,,,,,,,,,Plan Monthly HR,,,,,,,จากแผน Plan Monthly HR 2025 (เดิม 31/10/2025)
Meeting HR SBP & LSC,งานประจำเดือน,ประชุม,รอดำเนินการ,HR Team,2026-11-27,,,,,,,,,,3,,Plan Monthly HR,,,,,,,จากแผน Plan Monthly HR 2025 (เดิม 27/11/2025)
มอบรางวัลเงินพิเศษรายปีประจำปี 2025,งานประจำเดือน,ค่าตอบแทน,รอดำเนินการ,HRMS,2026-12-25,,,,,,,,,,,,Plan Monthly HR,,,,,,,จากแผน Plan Monthly HR 2025 (เดิม 25/12/2025)
Meeting HR SBP & LSC,งานประจำเดือน,ประชุม,รอดำเนินการ,HR Team,2026-10-23,,,,,,,,,,3,,Plan Monthly HR,,,,,,,จากแผน Plan Monthly HR 2025 (เดิม 23/10/2025)
Meeting HR & บริหารโรงงานการผลิต,งานประจำเดือน,ประชุม,รอดำเนินการ,HR Team,2026-11-06,,,,,,,,,,3,,Plan Monthly HR,,,,,,,จากแผน Plan Monthly HR 2025 (เดิม 06/11/2025)
Meeting HR SBP & LSC,งานประจำเดือน,ประชุม,รอดำเนินการ,HR Team,2026-12-25,,,,,,,,,,3,,Plan Monthly HR,,,,,,,จากแผน Plan Monthly HR 2025 (เดิม 25/12/2025)
Meeting HR & บริหารโรงงานการผลิต,งานประจำเดือน,ประชุม,รอดำเนินการ,HR Team,2026-10-02,,,,,,,,,,3,,Plan Monthly HR,,,,,,,จากแผน Plan Monthly HR 2025 (เดิม 02/10/2025)
Meeting HR & บริหารโรงงานการผลิต,งานประจำเดือน,ประชุม,รอดำเนินการ,HR Team,2026-12-04,,,,,,,,,,3,,Plan Monthly HR,,,,,,,จากแผน Plan Monthly HR 2025 (เดิม 04/12/2025)
สารท่านประธาน,งานประจำเดือน,อื่นๆ,รอดำเนินการ,HR Team,,,,,,,,,,,,,Plan Monthly HR,,,,,,,จากแผน Plan Monthly HR 2025 (เดิม -)
วางแผนการเกษียณอายุงาน (คุยกับพนักงานอายุตัว 50 ปี ขึ้นไป),งานประจำเดือน,อื่นๆ,รอดำเนินการ,HRMS,,,,,,,,,,,,,Plan Monthly HR,,,,,,,จากแผน Plan Monthly HR 2025 (เดิม -)
